<?xml version='1.0' encoding='utf-8'?>

    <!DOCTYPE hibernate-configuration PUBLIC
    "-//Hibernate/Hibernate Configuration DTD 3.0//EN"
    "http://hibernate.sourceforge.net/hibernate-configuration-3.0.dtd">
    <hibernate-configuration>
        <session-factory>
            <!-- Database connection settings -->
            <property name="connection.driver_class">com.mysql.cj.jdbc.Driver</property>
            <property name="connection.url">jdbc:mysql://localhost:3306/se?serverTimezone=UTC</property>
            <property name="connection.username">root</property>
            <property name="connection.password">6660590</property>
            <!-- JDBC connection pool (use the built-in) -->
            <property name="connection.pool_size">1</property>
            <!-- SQL dialect -->

            <property name="dialect">org.hibernate.dialect.MySQLDialect</property>
            <!-- Enable Hibernate's automatic session context management -->
            <property name="current_session_context_class">thread</property>
            <!-- Disable the second-level cache  -->
            <property name="cache.provider_class">org.hibernate.cache.NoCacheProvider</property>
            <property name="hibernate.search.default.directory_provider">
                org.hibernate.search.store.impl.FSDirectoryProvider
            </property>

            <property name="show_sql">false</property>
            <property name="format_sql">true</property>
            <!-- Drop and re-create the database schema on startup -->
            <property name="hbm2ddl.auto">update</property>
            <mapping resource="Message.hbm.xml"/>
        </session-factory>
    </hibernate-configuration>