<?xml version="1.0"?>
    <!DOCTYPE hibernate-mapping PUBLIC
    "-//Hibernate/Hibernate Mapping DTD 3.0//EN"
    "http://www.hibernate.org/dtd/hibernate-mapping-3.0.dtd">
    <hibernate-mapping package="entity">



        <class name="entity.Message" >

            <id name="id" >
                <generator class="native"/>
            </id>

            <property name="url" unique="true"/>

            <property name="date" type="timestamp" />

            <property name="title"/>

            <property name="text" type="text" />

            <property name="flag" type="int" />
        </class>



    </hibernate-mapping>
